URL,Version,Status,OIDs,Name,Title,Descriptino,Uses,Used,Sources
http://dicom.nema.org/medical/dicom/current/output/chtml/part16/sect_CID_29.html,2024.1.20240120,active,"1.2.840.10008.6.1.19",AcquisitionModality,null,"Transitive closure of CID 29 AcquisitionModality","StructureDefinition/imaging-study","DICOM"
http://fhir.health.gov.lk/ips/ValueSet/vs-cvd-risk-category,0.1.0,active,,VSCVDRiskCategory,Cardiovascular Risk Categories,"Cardiovascular risk is expressed as a percentage","StructureDefinition/cvd-risk-category","Internal"
http://fhir.health.gov.lk/ips/ValueSet/vs-device-classification,0.1.0,active,,VSDeviceClassificationCodes,Device Classification Codes,"A list of device device classification codes.","StructureDefinition/device-information","Internal"
http://fhir.health.gov.lk/ips/ValueSet/vs-follow-up-plan,0.1.0,active,,VSFollowUpPlan,Follow-up plan,"Follow-up plan","StructureDefinition/follow-up-plan","SCT"
http://fhir.health.gov.lk/ips/ValueSet/vs-follow-up-reasons,0.1.0,active,,VSFollowUpReasons,Follow up at HLC,"Follow up at Healthy Lifestyle Center","StructureDefinition/follow-up-plan","SCT,Internal"
http://fhir.health.gov.lk/ips/ValueSet/vs-identifier-types,0.1.0,active,,VSIdentifierTypes,Patient Business Identifier Types,"Patient Business Identifier Types","StructureDefinition/ips-patient","Internal"
http://fhir.health.gov.lk/ips/ValueSet/vs-investigation,0.1.0,active,,VSInvestigations,Investigations,"Investigations","StructureDefinition/investigations-request","Internal"
http://fhir.health.gov.lk/ips/ValueSet/vs-medical-conditions,0.1.0,active,,VSMedicalConditions,Conditions,"Represents previous, pre-existing and new conditions.","StructureDefinition/medical-history","SCT"
http://fhir.health.gov.lk/ips/ValueSet/vs-medication-name-msd,0.1.0,active,,VSMedicationNamesForMSD,Medication Names For Pharmacy,"A list of typical medications that can be prescribed to the patient.","StructureDefinition/drug-dispensation,StructureDefinition/medication-request","Internal"
http://fhir.health.gov.lk/ips/ValueSet/vs-medication-name-non-msd,0.1.0,active,,VSMedicationNamesForNonMSD,Medication Names Not For Pharmacy,"A list of medications that typically are not prescribed for collection at the pharamcy a.k.a. Non-Medical Supplies.",,"Internal"
http://fhir.health.gov.lk/ips/ValueSet/vs-procedure,0.1.0,active,,VSProcedures,Procedures,"Procedures","StructureDefinition/procedures-request","Internal"
http://fhir.health.gov.lk/ips/ValueSet/vs-procedure-imaging,0.1.0,active,,VSImagingProcedures,Procedures,"Imaging Procedures","StructureDefinition/imaging-request","Internal"
http://fhir.health.gov.lk/ips/ValueSet/vs-reason-for-encounter,0.1.0,active,,VSReasonForEncounter,Reason For Encounter,"Encounter reasons.","StructureDefinition/target-facility-encounter","SCT"
http://fhir.health.gov.lk/ips/ValueSet/vs-risk-behaviour-physical-activity,0.1.0,active,,VSRiskBehaviourPhysicalActivity,Physical Activity,"Physical Activity Status","StructureDefinition/risk-behaviour-physical-activity","SCT"
http://hl7.org/fhir/ValueSet/additional-instruction-codes,4.0.1,draft,"2.16.840.1.113883.4.642.3.95",SNOMEDCTAdditionalDosageInstructions,SNOMED CT Additional Dosage Instructions,"This value set includes all SNOMED CT Additional Dosage Instructions.","StructureDefinition/medication-request,StructureDefinition/no-medication-requested","SCT"
http://hl7.org/fhir/ValueSet/address-type,4.0.1,active,"2.16.840.1.113883.4.642.3.69",AddressType,AddressType,"The type of an address (physical / postal).","StructureDefinition/ips-patient","hl7.fhir.r4.core"
http://hl7.org/fhir/ValueSet/address-use,4.0.1,active,"2.16.840.1.113883.4.642.3.67",AddressUse,AddressUse,"The use of an address.","StructureDefinition/ips-patient","hl7.fhir.r4.core"
http://hl7.org/fhir/ValueSet/administration-method-codes,4.0.1,draft,"2.16.840.1.113883.4.642.3.97",SNOMEDCTAdministrationMethodCodes,SNOMED CT Administration Method Codes,"This value set includes some method codes from SNOMED CT - provided as an exemplar","StructureDefinition/medication-request,StructureDefinition/no-medication-requested","SCT"
http://hl7.org/fhir/ValueSet/administrative-gender,4.0.1,active,"2.16.840.1.113883.4.642.3.1",AdministrativeGender,AdministrativeGender,"The gender of a person used for administrative purposes.","StructureDefinition/practitioner,StructureDefinition/patient-identity-cross-reference,StructureDefinition/ips-patient","hl7.fhir.r4.core"
http://hl7.org/fhir/ValueSet/allergy-intolerance-category,4.0.1,draft,"2.16.840.1.113883.4.642.3.133",AllergyIntoleranceCategory,AllergyIntoleranceCategory,"Category of an identified substance associated with allergies or intolerances.","StructureDefinition/allergy-intolerance,StructureDefinition/no-allergy-intolerance","hl7.fhir.r4.core"
http://hl7.org/fhir/ValueSet/allergy-intolerance-criticality,4.0.1,draft,"2.16.840.1.113883.4.642.3.129",AllergyIntoleranceCriticality,AllergyIntoleranceCriticality,"Estimate of the potential clinical harm, or seriousness, of a reaction to an identified substance.","StructureDefinition/allergy-intolerance,StructureDefinition/no-allergy-intolerance","hl7.fhir.r4.core"
http://hl7.org/fhir/ValueSet/allergy-intolerance-type,4.0.1,draft,"2.16.840.1.113883.4.642.3.131",AllergyIntoleranceType,AllergyIntoleranceType,"Identification of the underlying physiological mechanism for a Reaction Risk.","StructureDefinition/allergy-intolerance,StructureDefinition/no-allergy-intolerance","hl7.fhir.r4.core"
http://hl7.org/fhir/ValueSet/allergyintolerance-clinical,4.0.1,draft,"2.16.840.1.113883.4.642.3.1372",AllergyIntoleranceClinicalStatusCodes,AllergyIntolerance Clinical Status Codes,"Preferred value set for AllergyIntolerance Clinical Status.","StructureDefinition/allergy-intolerance,StructureDefinition/no-allergy-intolerance","THO"
http://hl7.org/fhir/ValueSet/allergyintolerance-verification,4.0.1,draft,"2.16.840.1.113883.4.642.3.1370",AllergyIntoleranceVerificationStatusCodes,AllergyIntolerance Verification Status Codes,"Preferred value set for AllergyIntolerance Verification Status.","StructureDefinition/allergy-intolerance,StructureDefinition/no-allergy-intolerance","THO"
http://hl7.org/fhir/ValueSet/approach-site-codes,4.0.1,draft,"2.16.840.1.113883.4.642.3.346",SNOMEDCTAnatomicalStructureForAdministrationSiteCodes,SNOMED CT Anatomical Structure for Administration Site Codes,"This value set includes Anatomical Structure codes from SNOMED CT - provided as an exemplar.","StructureDefinition/medication-request,StructureDefinition/no-medication-requested","SCT"
http://hl7.org/fhir/ValueSet/body-site,4.0.1,draft,"2.16.840.1.113883.4.642.3.141",SNOMEDCTBodyStructures,SNOMED CT Body Structures,"This value set includes all codes from [SNOMED CT](http://snomed.info/sct) where concept is-a 442083009 (Anatomical or acquired body site (body structure)).","StructureDefinition/procedures-request,StructureDefinition/risk-behaviour-tobacco-smoker,StructureDefinition/no-medical-history,StructureDefinition/bmi,StructureDefinition/random-blood-sugar,StructureDefinition/medical-history,StructureDefinition/risk-behaviour-physical-activity,StructureDefinition/fasting-blood-sugar,StructureDefinition/imaging-request,StructureDefinition/height,StructureDefinition/generic-observation,StructureDefinition/generic-service-request,StructureDefinition/investigations-request,StructureDefinition/general-referral-request,StructureDefinition/imaging-study,StructureDefinition/blood-pressure,StructureDefinition/weight,StructureDefinition/total-cholesterol,StructureDefinition/follow-up-plan","SCT"
http://hl7.org/fhir/ValueSet/bodysite-laterality,4.0.1,draft,"2.16.840.1.113883.4.642.3.287",Laterality,Laterality,"Laterality: SNOMED-CT concepts for 'left', 'right', and 'bilateral'","StructureDefinition/imaging-study","SCT"
http://hl7.org/fhir/ValueSet/bundle-type,4.0.1,active,"2.16.840.1.113883.4.642.3.620",BundleType,BundleType,"Indicates the purpose of a bundle - how it is intended to be used.","StructureDefinition/hims-transactional-bundle,StructureDefinition/hims-ips-bundle,StructureDefinition/hhims-transactional-bundle,StructureDefinition/hhims-ips-bundle","hl7.fhir.r4.core"
http://hl7.org/fhir/ValueSet/care-plan-activity-kind,4.0.1,draft,"2.16.840.1.113883.4.642.3.145",CarePlanActivityKind,Care Plan Activity Kind,"Resource types defined as part of FHIR that can be represented as in-line definitions of a care plan activity.","StructureDefinition/follow-up-at-hlc","hl7.fhir.r4.core"
http://hl7.org/fhir/ValueSet/care-plan-activity-outcome,4.0.1,draft,"2.16.840.1.113883.4.642.3.149",CarePlanActivityOutcome,Care Plan Activity Outcome,"Example codes indicating the outcome of a care plan activity. Note that these are in no way complete and might not even be appropriate for some uses.","StructureDefinition/follow-up-at-hlc","SCT"
http://hl7.org/fhir/ValueSet/care-plan-activity-status,4.0.1,draft,"2.16.840.1.113883.4.642.3.146",CarePlanActivityStatus,CarePlanActivityStatus,"Codes that reflect the current state of a care plan activity within its overall life cycle.","StructureDefinition/follow-up-at-hlc","hl7.fhir.r4.core"
http://hl7.org/fhir/ValueSet/care-plan-category,4.0.1,draft,"2.16.840.1.113883.4.642.3.148",CarePlanCategory,Care Plan Category,"Example codes indicating the category a care plan falls within.  Note that these are in no way complete and might not even be appropriate for some uses.","StructureDefinition/follow-up-at-hlc","SCT"
http://hl7.org/fhir/ValueSet/care-plan-intent,4.0.1,draft,"2.16.840.1.113883.4.642.3.150",CarePlanIntent,Care Plan Intent,"Codes indicating the degree of authority/intentionality associated with a care plan.","StructureDefinition/follow-up-at-hlc","hl7.fhir.r4.core"
http://hl7.org/fhir/ValueSet/clinical-findings,4.0.1,draft,"2.16.840.1.113883.4.642.3.232",SNOMEDCTClinicalFindings,SNOMED CT Clinical Findings,"This value set includes all the ""Clinical finding"" [SNOMED CT](http://snomed.info/sct) codes - concepts where concept is-a 404684003 (Clinical finding (finding)).","StructureDefinition/notifiable-diseases-notified,StructureDefinition/follow-up-at-hlc","SCT"
http://hl7.org/fhir/ValueSet/communication-category,4.0.1,draft,"2.16.840.1.113883.4.642.3.172",CommunicationCategory,CommunicationCategory,"Codes for general categories of communications such as alerts, instructions, etc.","StructureDefinition/notifiable-diseases-notified","THO"
http://hl7.org/fhir/ValueSet/communication-not-done-reason,4.0.1,draft,"2.16.840.1.113883.4.642.3.174",CommunicationNotDoneReason,CommunicationNotDoneReason,"Codes for the reason why a communication did not happen.","StructureDefinition/notifiable-diseases-notified","THO"
http://hl7.org/fhir/ValueSet/communication-topic,4.0.1,draft,"2.16.840.1.113883.4.642.3.983",CommunicationTopic,CommunicationTopic,"Codes describing the purpose or content of the communication.","StructureDefinition/notifiable-diseases-notified","THO"
http://hl7.org/fhir/ValueSet/composition-attestation-mode,4.0.1,draft,"2.16.840.1.113883.4.642.3.238",CompositionAttestationMode,CompositionAttestationMode,"The way in which a person authenticated a composition.","StructureDefinition/hhims-composition,StructureDefinition/hims-composition","hl7.fhir.r4.core"
http://hl7.org/fhir/ValueSet/composition-status,4.0.1,draft,"2.16.840.1.113883.4.642.3.241",CompositionStatus,CompositionStatus,"The workflow/clinical status of the composition.","StructureDefinition/hhims-composition,StructureDefinition/hims-composition","hl7.fhir.r4.core"
http://hl7.org/fhir/ValueSet/condition-clinical,4.0.1,draft,"2.16.840.1.113883.4.642.3.164",ConditionClinicalStatusCodes,Condition Clinical Status Codes,"Preferred value set for Condition Clinical Status.","StructureDefinition/no-medical-history,StructureDefinition/medical-history","THO"
http://hl7.org/fhir/ValueSet/condition-code,4.0.1,draft,"2.16.840.1.113883.4.642.3.161",Condition/Problem/DiagnosisCodes,Condition/Problem/Diagnosis Codes,"Example value set for Condition/Problem/Diagnosis codes.","StructureDefinition/medication-request,StructureDefinition/no-medication-requested","SCT"
http://hl7.org/fhir/ValueSet/condition-severity,4.0.1,draft,"2.16.840.1.113883.4.642.3.168",Condition/DiagnosisSeverity,Condition/Diagnosis Severity,"Preferred value set for Condition/Diagnosis severity grading.","StructureDefinition/no-medical-history,StructureDefinition/medical-history","SCT"
http://hl7.org/fhir/ValueSet/condition-stage,4.0.1,draft,"2.16.840.1.113883.4.642.3.170",ConditionStage,Condition Stage,"Example value set for stages of cancer and other conditions.","StructureDefinition/no-medical-history,StructureDefinition/medical-history","SCT"
http://hl7.org/fhir/ValueSet/condition-stage-type,4.0.1,draft,"2.16.840.1.113883.4.642.3.171",ConditionStageType,Condition Stage Type,"Example value set for the type of stages of cancer and other conditions","StructureDefinition/no-medical-history,StructureDefinition/medical-history","SCT"
http://hl7.org/fhir/ValueSet/condition-ver-status,4.0.1,draft,"2.16.840.1.113883.4.642.3.166",ConditionVerificationStatus,ConditionVerificationStatus,"The verification status to support or decline the clinical status of the condition or diagnosis.","StructureDefinition/no-medical-history,StructureDefinition/medical-history","THO"
http://hl7.org/fhir/ValueSet/contactentity-type,4.0.1,draft,"2.16.840.1.113883.4.642.3.416",ContactEntityType,Contact entity type,"This example value set defines a set of codes that can be used to indicate the purpose for which you would contact a contact party.","StructureDefinition/organization","THO"
http://hl7.org/fhir/ValueSet/data-absent-reason,4.0.1,active,"2.16.840.1.113883.4.642.3.5",DataAbsentReason,DataAbsentReason,"Used to specify why the normally expected content of the data element is missing.","StructureDefinition/risk-behaviour-physical-activity,StructureDefinition/risk-behaviour-tobacco-smoker,StructureDefinition/fasting-blood-sugar,StructureDefinition/height,StructureDefinition/generic-observation,StructureDefinition/bmi,StructureDefinition/random-blood-sugar,StructureDefinition/blood-pressure,StructureDefinition/weight,StructureDefinition/total-cholesterol","THO"
http://hl7.org/fhir/ValueSet/days-of-week,4.0.1,active,"2.16.840.1.113883.4.642.3.512",DaysOfWeek,DaysOfWeek,"The days of the week.","StructureDefinition/providers-location,StructureDefinition/medication-request,StructureDefinition/follow-up-plan","hl7.fhir.r4.core"
http://hl7.org/fhir/ValueSet/device-nametype,4.0.1,draft,"2.16.840.1.113883.4.642.3.1083",DeviceNameType,DeviceNameType,"The type of name the device is referred by.","StructureDefinition/device-information","hl7.fhir.r4.core"
http://hl7.org/fhir/ValueSet/device-status,4.0.1,draft,"2.16.840.1.113883.4.642.3.209",FHIRDeviceStatus,FHIRDeviceStatus,"The availability status of the device.","StructureDefinition/device-information","hl7.fhir.r4.core"
http://hl7.org/fhir/ValueSet/device-status-reason,4.0.1,draft,"2.16.840.1.113883.4.642.3.1081",FHIRDeviceStatusReason,FHIRDeviceStatusReason,"The availability status reason of the device.","StructureDefinition/device-information","THO"
http://hl7.org/fhir/ValueSet/device-type,4.0.1,draft,"2.16.840.1.113883.4.642.3.1376",DeviceType,Device Type,"Codes used to identify medical devices. Includes concepts from SNOMED CT (http://www.snomed.org/) where concept is-a 49062001 (Device)  and is provided as a suggestive example.","StructureDefinition/device-information","SCT"
http://hl7.org/fhir/ValueSet/diagnosis-role,4.0.1,draft,"2.16.840.1.113883.4.642.3.49",DiagnosisRole,DiagnosisRole,"This value set defines a set of codes that can be used to express the role of a diagnosis on the Encounter or EpisodeOfCare record.","StructureDefinition/target-facility-encounter","THO"
http://hl7.org/fhir/ValueSet/doc-section-codes,4.0.1,draft,"2.16.840.1.113883.4.642.3.237",DocumentSectionCodes,Document Section Codes,"Document section codes (LOINC codes used in CCDA sections).","StructureDefinition/hhims-composition,StructureDefinition/hims-composition","LOINC"
http://hl7.org/fhir/ValueSet/doc-typecodes,4.0.1,draft,"2.16.840.1.113883.4.642.3.240",FHIRDocumentTypeCodes,FHIR Document Type Codes,"FHIR Document Codes - all LOINC codes where scale type = 'DOC'.","StructureDefinition/hhims-composition,StructureDefinition/hims-composition","LOINC"
http://hl7.org/fhir/ValueSet/document-classcodes,4.0.1,active,"2.16.840.1.113883.3.88.12.80.46",DocumentClassValueSet,Document Class Value Set,"This is the code specifying the high-level kind of document (e.g. Prescription, Discharge Summary, Report, etc.). Note: Class code for documents comes from LOINC, and is based upon one of the following:The type of service described by the document. It is described at a very high level in Section 7.3 of the LOINC Manual. The type study performed. It was determined by identifying modalities for study reports. The section of the chart where the document is placed. It was determined from the SETs created for Claims Attachment requests.","StructureDefinition/hhims-composition,StructureDefinition/hims-composition","LOINC"
http://hl7.org/fhir/ValueSet/document-relationship-type,4.0.1,draft,"2.16.840.1.113883.4.642.3.244",DocumentRelationshipType,DocumentRelationshipType,"The type of relationship between documents.","StructureDefinition/hhims-composition,StructureDefinition/hims-composition","hl7.fhir.r4.core"
http://hl7.org/fhir/ValueSet/dose-rate-type,4.0.1,draft,"2.16.840.1.113883.4.642.3.981",DoseAndRateType,DoseAndRateType,"The kind of dose or rate specified.","StructureDefinition/medication-request,StructureDefinition/no-medication-requested","THO"
http://hl7.org/fhir/ValueSet/encounter-admit-source,4.0.1,draft,"2.16.840.1.113883.4.642.3.257",AdmitSource,Admit source,"This value set defines a set of codes that can be used to indicate from where the patient came in.","StructureDefinition/target-facility-encounter","THO"
http://hl7.org/fhir/ValueSet/encounter-diet,4.0.1,draft,"2.16.840.1.113883.4.642.3.255",Diet,Diet,"This value set defines a set of codes that can be used to indicate dietary preferences or restrictions a patient may have.","StructureDefinition/target-facility-encounter","THO"
http://hl7.org/fhir/ValueSet/encounter-discharge-disposition,4.0.1,draft,"2.16.840.1.113883.4.642.3.259",DischargeDisposition,Discharge disposition,"This value set defines a set of codes that can be used to where the patient left the hospital.","StructureDefinition/target-facility-encounter","THO"
http://hl7.org/fhir/ValueSet/encounter-location-status,4.0.1,draft,"2.16.840.1.113883.4.642.3.262",EncounterLocationStatus,EncounterLocationStatus,"The status of the location.","StructureDefinition/target-facility-encounter","hl7.fhir.r4.core"
http://hl7.org/fhir/ValueSet/encounter-participant-type,4.0.1,draft,"2.16.840.1.113883.4.642.3.250",ParticipantType,Participant type,"This value set defines a set of codes that can be used to indicate how an individual participates in an encounter.","StructureDefinition/target-facility-encounter","THO (V3),THO"
http://hl7.org/fhir/ValueSet/encounter-special-arrangements,4.0.1,draft,"2.16.840.1.113883.4.642.3.253",SpecialArrangements,Special arrangements,"This value set defines a set of codes that can be used to indicate the kinds of special arrangements in place for a patients visit.","StructureDefinition/target-facility-encounter","THO"
http://hl7.org/fhir/ValueSet/encounter-special-courtesy,4.0.1,draft,"2.16.840.1.113883.4.642.3.252",SpecialCourtesy,Special courtesy,"This value set defines a set of codes that can be used to indicate special courtesies provided to the patient.","StructureDefinition/target-facility-encounter","THO (V3)"
http://hl7.org/fhir/ValueSet/encounter-status,4.0.1,draft,"2.16.840.1.113883.4.642.3.246",EncounterStatus,EncounterStatus,"Current state of the encounter.","StructureDefinition/target-facility-encounter","hl7.fhir.r4.core"
http://hl7.org/fhir/ValueSet/encounter-type,4.0.1,draft,"2.16.840.1.113883.4.642.3.248",EncounterType,Encounter type,"This example value set defines a set of codes that can be used to indicate the type of encounter: a specific code indicating type of service provided.","StructureDefinition/target-facility-encounter","THO"
http://hl7.org/fhir/ValueSet/event-status,4.0.1,draft,"2.16.840.1.113883.4.642.3.109",EventStatus,EventStatus,"Codes identifying the lifecycle stage of an event.","StructureDefinition/notifiable-diseases-notified","hl7.fhir.r4.core"
http://hl7.org/fhir/ValueSet/event-timing,4.0.1,active,"2.16.840.1.113883.4.642.3.75",EventTiming,EventTiming,"Real world event relating to the schedule.","StructureDefinition/medication-request,StructureDefinition/follow-up-plan","THO (V3),hl7.fhir.r4.core"
http://hl7.org/fhir/ValueSet/http-verb,4.0.1,active,"2.16.840.1.113883.4.642.3.624",HTTPVerb,HTTPVerb,"HTTP verbs (in the HTTP command line). See [HTTP rfc](https://tools.ietf.org/html/rfc7231) for details.","StructureDefinition/hims-transactional-bundle,StructureDefinition/hims-ips-bundle,StructureDefinition/hhims-transactional-bundle,StructureDefinition/hhims-ips-bundle","hl7.fhir.r4.core"
http://hl7.org/fhir/ValueSet/identifier-type,4.0.1,active,"2.16.840.1.113883.4.642.3.45",Identifier Type Codes,IdentifierType,"A coded type for an identifier that can be used to determine which identifier to use for a specific purpose.","StructureDefinition/hhims-composition,StructureDefinition/providers-location,StructureDefinition/device-information,StructureDefinition/organization,StructureDefinition/hims-transactional-bundle,StructureDefinition/hims-ips-bundle,StructureDefinition/medication-request,StructureDefinition/hhims-transactional-bundle,StructureDefinition/hims-composition,StructureDefinition/hhims-ips-bundle,StructureDefinition/ips-patient","THO (V2)"
http://hl7.org/fhir/ValueSet/identifier-use,4.0.1,active,"2.16.840.1.113883.4.642.3.57",IdentifierUse,IdentifierUse,"Identifies the purpose for this identifier, if known .","StructureDefinition/hhims-composition,StructureDefinition/providers-location,StructureDefinition/device-information,StructureDefinition/organization,StructureDefinition/hims-transactional-bundle,StructureDefinition/hims-ips-bundle,StructureDefinition/medication-request,StructureDefinition/hhims-transactional-bundle,StructureDefinition/hims-composition,StructureDefinition/hhims-ips-bundle,StructureDefinition/ips-patient","hl7.fhir.r4.core"
http://hl7.org/fhir/ValueSet/imagingstudy-status,4.0.1,draft,"2.16.840.1.113883.4.642.3.990",ImagingStudyStatus,ImagingStudyStatus,"The status of the ImagingStudy.","StructureDefinition/imaging-study","hl7.fhir.r4.core"
http://hl7.org/fhir/ValueSet/languages,4.0.1,draft,"2.16.840.1.113883.4.642.3.20",CommonLanguages,Common Languages,"This value set includes common codes from BCP-47 (http://tools.ietf.org/html/bcp47)","StructureDefinition/allergy-intolerance,StructureDefinition/risk-behaviour-tobacco-smoker,StructureDefinition/hhims-composition,StructureDefinition/providers-location,StructureDefinition/patient-identity-cross-reference,StructureDefinition/bmi,StructureDefinition/medical-history,StructureDefinition/ips-patient,StructureDefinition/fasting-blood-sugar,StructureDefinition/height,StructureDefinition/generic-service-request,StructureDefinition/target-facility-encounter,StructureDefinition/drug-dispensation,StructureDefinition/investigations-request,StructureDefinition/total-cholesterol,StructureDefinition/follow-up-plan,StructureDefinition/generic-task,StructureDefinition/cvd-risk-category,StructureDefinition/procedures-request,StructureDefinition/practitioner,StructureDefinition/hims-ips-bundle,StructureDefinition/no-medical-history,StructureDefinition/no-allergy-intolerance,StructureDefinition/medication-request,StructureDefinition/random-blood-sugar,StructureDefinition/follow-up-at-hlc,StructureDefinition/hhims-transactional-bundle,StructureDefinition/hhims-ips-bundle,StructureDefinition/risk-behaviour-physical-activity,StructureDefinition/imaging-request,StructureDefinition/organization,StructureDefinition/device-information,StructureDefinition/hims-transactional-bundle,StructureDefinition/generic-observation,StructureDefinition/general-referral-request,StructureDefinition/imaging-study,StructureDefinition/blood-pressure,StructureDefinition/no-medication-requested,StructureDefinition/notifiable-diseases-notified,StructureDefinition/weight,StructureDefinition/hims-composition,StructureDefinition/referral-task","hl7.terminology.r4"
http://hl7.org/fhir/ValueSet/link-type,4.0.1,active,"2.16.840.1.113883.4.642.3.423",LinkType,LinkType,"The type of link between this patient resource and another patient resource.","StructureDefinition/patient-identity-cross-reference,StructureDefinition/ips-patient","hl7.fhir.r4.core"
http://hl7.org/fhir/ValueSet/list-empty-reason,4.0.1,draft,"2.16.840.1.113883.4.642.3.322",ListEmptyReasons,List Empty Reasons,"General reasons for a list to be empty. Reasons are either related to a summary list (i.e. problem or medication list) or to a workflow related list (i.e. consultation list).","StructureDefinition/hhims-composition,StructureDefinition/hims-composition","THO"
http://hl7.org/fhir/ValueSet/list-mode,4.0.1,draft,"2.16.840.1.113883.4.642.3.318",ListMode,ListMode,"The processing mode that applies to this list.","StructureDefinition/hhims-composition,StructureDefinition/hims-composition","hl7.fhir.r4.core"
http://hl7.org/fhir/ValueSet/list-order,4.0.1,draft,"2.16.840.1.113883.4.642.3.324",ListOrderCodes,List Order Codes,"Base values for the order of the items in a list resource.","StructureDefinition/hhims-composition,StructureDefinition/hims-composition","THO"
http://hl7.org/fhir/ValueSet/location-mode,4.0.1,draft,"2.16.840.1.113883.4.642.3.330",LocationMode,LocationMode,"Indicates whether a resource instance represents a specific location or a class of locations.","StructureDefinition/providers-location","hl7.fhir.r4.core"
http://hl7.org/fhir/ValueSet/location-physical-type,4.0.1,draft,"2.16.840.1.113883.4.642.3.328",LocationType,Location type,"This example value set defines a set of codes that can be used to indicate the physical form of the Location.","StructureDefinition/providers-location,StructureDefinition/target-facility-encounter","THO"
http://hl7.org/fhir/ValueSet/location-status,4.0.1,draft,"2.16.840.1.113883.4.642.3.332",LocationStatus,LocationStatus,"Indicates whether the location is still in use.","StructureDefinition/providers-location","hl7.fhir.r4.core"
http://hl7.org/fhir/ValueSet/manifestation-or-symptom,4.0.1,draft,"2.16.840.1.113883.4.642.3.169",ManifestationAndSymptomCodes,Manifestation and Symptom Codes,"Example value set for Manifestation and Symptom codes.","StructureDefinition/no-medical-history,StructureDefinition/medical-history","SCT"
http://hl7.org/fhir/ValueSet/marital-status,4.0.1,active,"2.16.840.1.113883.4.642.3.29",Marital Status Codes,MaritalStatus,"This value set defines the set of codes that can be used to indicate the marital status of a person.","StructureDefinition/patient-identity-cross-reference,StructureDefinition/ips-patient","THO (V3)"
http://hl7.org/fhir/ValueSet/medication-as-needed-reason,4.0.1,draft,"2.16.840.1.113883.4.642.3.96",SNOMEDCTMedicationAsNeededReasonCodes,SNOMED CT Medication As Needed Reason Codes,"This value set includes all clinical findings from SNOMED CT - provided as an exemplar value set.","StructureDefinition/procedures-request,StructureDefinition/imaging-request,StructureDefinition/generic-service-request,StructureDefinition/investigations-request,StructureDefinition/medication-request,StructureDefinition/general-referral-request,StructureDefinition/no-medication-requested,StructureDefinition/follow-up-plan","SCT"
http://hl7.org/fhir/ValueSet/medication-codes,4.0.1,draft,"2.16.840.1.113883.4.642.3.375",SNOMEDCTMedicationCodes,SNOMED CT Medication Codes,"This value set includes all drug or medicament substance codes and all pharmaceutical/biologic products from SNOMED CT - provided as an exemplar value set.","StructureDefinition/drug-dispensation,StructureDefinition/follow-up-at-hlc","SCT"
http://hl7.org/fhir/ValueSet/medicationdispense-category,4.0.1,draft,"2.16.840.1.113883.4.642.3.1314",MedicationDispense Category Codes,Medication dispense  category  codes,"MedicationDispense Category Codes","StructureDefinition/drug-dispensation","THO"
http://hl7.org/fhir/ValueSet/medicationdispense-performer-function,4.0.1,draft,"2.16.840.1.113883.4.642.3.1318",MedicationDispense Performer Function Codes,Medication dispense  performer  function  codes,"MedicationDispense Performer Function Codes","StructureDefinition/drug-dispensation","THO"
http://hl7.org/fhir/ValueSet/medicationdispense-status,4.0.1,draft,"2.16.840.1.113883.4.642.3.1312",MedicationDispense Status Codes,Medication dispense  status  codes,"MedicationDispense Status Codes","StructureDefinition/drug-dispensation","THO"
http://hl7.org/fhir/ValueSet/medicationdispense-status-reason,4.0.1,draft,"2.16.840.1.113883.4.642.3.1316",MedicationDispense Status Reason Codes,Medication dispense  status  reason  codes,"MedicationDispense Status Codes","StructureDefinition/drug-dispensation","THO"
http://hl7.org/fhir/ValueSet/medicationrequest-category,4.0.1,draft,"2.16.840.1.113883.4.642.3.1322",medicationRequest Category Codes,Medication request  category  codes,"MedicationRequest Category Codes","StructureDefinition/medication-request,StructureDefinition/no-medication-requested","THO"
http://hl7.org/fhir/ValueSet/medicationrequest-course-of-therapy,4.0.1,draft,"2.16.840.1.113883.4.642.3.1326",medicationRequest Course of Therapy Codes,Medication request  course of  therapy  codes,"MedicationRequest Course of Therapy Codes","StructureDefinition/medication-request,StructureDefinition/no-medication-requested","THO"
http://hl7.org/fhir/ValueSet/medicationrequest-intent,4.0.1,draft,"2.16.840.1.113883.4.642.3.1321",medicationRequest Intent,Medication request  intent,"MedicationRequest Intent Codes","StructureDefinition/medication-request,StructureDefinition/no-medication-requested","hl7.fhir.r4.core"
http://hl7.org/fhir/ValueSet/medicationrequest-status,4.0.1,draft,"2.16.840.1.113883.4.642.3.1320",medicationrequest Status,Medicationrequest  status,"MedicationRequest Status Codes","StructureDefinition/medication-request,StructureDefinition/no-medication-requested","hl7.fhir.r4.core"
http://hl7.org/fhir/ValueSet/medicationrequest-status-reason,4.0.1,draft,"2.16.840.1.113883.4.642.3.1324",medicationRequest Status Reason Codes,Medication request  status  reason  codes,"MedicationRequest Status Reason Codes","StructureDefinition/medication-request,StructureDefinition/no-medication-requested","THO"
http://hl7.org/fhir/ValueSet/name-use,4.0.1,active,"2.16.840.1.113883.4.642.3.65",NameUse,NameUse,"The use of a human name.","StructureDefinition/practitioner,StructureDefinition/ips-patient","hl7.fhir.r4.core"
http://hl7.org/fhir/ValueSet/observation-category,4.0.1,draft,"2.16.840.1.113883.4.642.3.403",ObservationCategoryCodes,Observation Category Codes,"Observation Category codes.","StructureDefinition/risk-behaviour-physical-activity,StructureDefinition/risk-behaviour-tobacco-smoker,StructureDefinition/fasting-blood-sugar,StructureDefinition/height,StructureDefinition/generic-observation,StructureDefinition/bmi,StructureDefinition/random-blood-sugar,StructureDefinition/blood-pressure,StructureDefinition/weight,StructureDefinition/total-cholesterol","THO"
http://hl7.org/fhir/ValueSet/observation-codes,4.0.1,draft,"2.16.840.1.113883.4.642.3.396",LOINCCodes,LOINC Codes,"This value set includes all LOINC codes","StructureDefinition/risk-behaviour-physical-activity,StructureDefinition/risk-behaviour-tobacco-smoker,StructureDefinition/fasting-blood-sugar,StructureDefinition/height,StructureDefinition/generic-observation,StructureDefinition/bmi,StructureDefinition/random-blood-sugar,StructureDefinition/blood-pressure,StructureDefinition/weight,StructureDefinition/total-cholesterol","LOINC"
http://hl7.org/fhir/ValueSet/observation-interpretation,4.0.1,active,"2.16.840.1.113883.4.642.3.399",ObservationInterpretationCodes,Observation Interpretation Codes,"A categorical assessment, providing a rough qualitative interpretation of the observation value,    such as “normal”/ “abnormal”,”low” / “high”, “better” / “worse”, “susceptible” / “resistant”, “expected”/ “not expected”.    The value set is intended to be for ANY use where coded representation of an interpretation is needed.             Notes:          This is being communicated in v2.x in OBX-8 (Observation Interpretation), in v3 in ObservationInterpretation (CWE) in R1 (Representative Realm) and in FHIR in    Observation.interpretation. Historically these values come from the laboratory domain, and these codes are extensively    used. The value set binding is extensible, so codes outside the value set that are needed for interpretation concepts    (i.e. particular meanings) that are not included in the value set can be used, and these new codes may also be added to    the value set and published in a future version.","StructureDefinition/risk-behaviour-physical-activity,StructureDefinition/risk-behaviour-tobacco-smoker,StructureDefinition/fasting-blood-sugar,StructureDefinition/height,StructureDefinition/generic-observation,StructureDefinition/bmi,StructureDefinition/random-blood-sugar,StructureDefinition/blood-pressure,StructureDefinition/weight,StructureDefinition/total-cholesterol","THO (V3)"
http://hl7.org/fhir/ValueSet/observation-methods,4.0.1,draft,"2.16.840.1.113883.4.642.3.395",ObservationMethods,Observation Methods,"Observation Method codes from [SNOMED CT](http://snomed.info/sct) where concept is-a 272394005 (Technique (qualifier value)) or is-a 129264002 (Action (qualifier value)) or is-a 386053000 (Evaluation procedure(procedure))","StructureDefinition/risk-behaviour-physical-activity,StructureDefinition/risk-behaviour-tobacco-smoker,StructureDefinition/fasting-blood-sugar,StructureDefinition/height,StructureDefinition/generic-observation,StructureDefinition/bmi,StructureDefinition/random-blood-sugar,StructureDefinition/blood-pressure,StructureDefinition/weight,StructureDefinition/total-cholesterol","SCT"
http://hl7.org/fhir/ValueSet/observation-status,4.0.1,active,"2.16.840.1.113883.4.642.3.400",ObservationStatus,ObservationStatus,"Codes providing the status of an observation.","StructureDefinition/risk-behaviour-physical-activity,StructureDefinition/risk-behaviour-tobacco-smoker,StructureDefinition/fasting-blood-sugar,StructureDefinition/height,StructureDefinition/generic-observation,StructureDefinition/bmi,StructureDefinition/random-blood-sugar,StructureDefinition/blood-pressure,StructureDefinition/weight,StructureDefinition/total-cholesterol,StructureDefinition/cvd-risk-category","hl7.fhir.r4.core"
http://hl7.org/fhir/ValueSet/organization-type,4.0.1,draft,"2.16.840.1.113883.4.642.3.414",OrganizationType,Organization type,"This example value set defines a set of codes that can be used to indicate a type of organization.","StructureDefinition/organization","THO"
http://hl7.org/fhir/ValueSet/participant-role,4.0.1,draft,"2.16.840.1.113883.4.642.3.152",ParticipantRoles,Participant Roles,"Roles of participants that may be included in a care team.  Defined as: Is a Person, Healthcare professional (occupation) or Healthcare related organization (qualifier value).","StructureDefinition/procedures-request,StructureDefinition/imaging-request,StructureDefinition/generic-service-request,StructureDefinition/investigations-request,StructureDefinition/general-referral-request,StructureDefinition/follow-up-plan","SCT"
http://hl7.org/fhir/ValueSet/patient-contactrelationship,4.0.1,active,"2.16.840.1.113883.4.642.3.1130",PatientContactRelationship,Patient Contact Relationship ,"The nature of the relationship between the patient and the contact person.","StructureDefinition/patient-identity-cross-reference,StructureDefinition/ips-patient","THO (V2)"
http://hl7.org/fhir/ValueSet/performer-role,4.0.1,draft,"2.16.840.1.113883.4.642.3.433",ProcedurePerformerRoleCodes,Procedure Performer Role Codes,"This example value set defines the set of codes that can be used to indicate a role of a procedure performer.","StructureDefinition/medication-request,StructureDefinition/no-medication-requested,StructureDefinition/referral-task,StructureDefinition/generic-task","SCT"
http://hl7.org/fhir/ValueSet/procedure-code,4.0.1,draft,"2.16.840.1.113883.4.642.3.427",ProcedureCodes(SNOMEDCT),Procedure Codes (SNOMED CT),"Procedure Code: All SNOMED CT procedure codes.","StructureDefinition/generic-service-request,StructureDefinition/general-referral-request,StructureDefinition/follow-up-at-hlc","SCT"
http://hl7.org/fhir/ValueSet/procedure-reason,4.0.1,draft,"2.16.840.1.113883.4.642.3.432",ProcedureReasonCodes,Procedure Reason Codes,"This example value set defines the set of codes that can be used to indicate a reason for a procedure.","StructureDefinition/procedures-request,StructureDefinition/imaging-request,StructureDefinition/generic-service-request,StructureDefinition/investigations-request,StructureDefinition/general-referral-request,StructureDefinition/imaging-study","SCT"
http://hl7.org/fhir/ValueSet/quantity-comparator,4.0.1,active,"2.16.840.1.113883.4.642.3.59",QuantityComparator,QuantityComparator,"How the Quantity should be understood and represented.","StructureDefinition/fasting-blood-sugar,StructureDefinition/height,StructureDefinition/bmi,StructureDefinition/random-blood-sugar,StructureDefinition/blood-pressure,StructureDefinition/weight,StructureDefinition/total-cholesterol","hl7.fhir.r4.core"
http://hl7.org/fhir/ValueSet/reaction-event-severity,4.0.1,draft,"2.16.840.1.113883.4.642.3.135",AllergyIntoleranceSeverity,AllergyIntoleranceSeverity,"Clinical assessment of the severity of a reaction event as a whole, potentially considering multiple different manifestations.","StructureDefinition/allergy-intolerance,StructureDefinition/no-allergy-intolerance","hl7.fhir.r4.core"
http://hl7.org/fhir/ValueSet/referencerange-appliesto,4.0.1,draft,"2.16.840.1.113883.4.642.3.407",ObservationReferenceRangeAppliesToCodes,Observation Reference Range Applies To Codes,"This value set defines a set of codes that can be used to indicate the particular target population the reference range applies to.","StructureDefinition/risk-behaviour-physical-activity,StructureDefinition/risk-behaviour-tobacco-smoker,StructureDefinition/fasting-blood-sugar,StructureDefinition/height,StructureDefinition/generic-observation,StructureDefinition/bmi,StructureDefinition/random-blood-sugar,StructureDefinition/blood-pressure,StructureDefinition/weight,StructureDefinition/total-cholesterol","SCT"
http://hl7.org/fhir/ValueSet/referencerange-meaning,4.0.1,draft,"2.16.840.1.113883.4.642.3.397",ObservationReferenceRangeMeaningCodes,Observation Reference Range Meaning Codes,"This value set defines a set of codes that can be used to indicate the meaning/use of a reference range for a particular target population.","StructureDefinition/risk-behaviour-physical-activity,StructureDefinition/risk-behaviour-tobacco-smoker,StructureDefinition/fasting-blood-sugar,StructureDefinition/height,StructureDefinition/generic-observation,StructureDefinition/bmi,StructureDefinition/random-blood-sugar,StructureDefinition/blood-pressure,StructureDefinition/weight,StructureDefinition/total-cholesterol","THO"
http://hl7.org/fhir/ValueSet/request-intent,4.0.1,draft,"2.16.840.1.113883.4.642.3.113",RequestIntent,RequestIntent,"Codes indicating the degree of authority/intentionality associated with a request.","StructureDefinition/procedures-request,StructureDefinition/imaging-request,StructureDefinition/generic-service-request,StructureDefinition/investigations-request,StructureDefinition/general-referral-request,StructureDefinition/follow-up-plan","hl7.fhir.r4.core"
http://hl7.org/fhir/ValueSet/request-priority,4.0.1,draft,"2.16.840.1.113883.4.642.3.115",RequestPriority,Request priority,"The clinical priority of a diagnostic order.","StructureDefinition/procedures-request,StructureDefinition/imaging-request,StructureDefinition/generic-service-request,StructureDefinition/investigations-request,StructureDefinition/medication-request,StructureDefinition/general-referral-request,StructureDefinition/no-medication-requested,StructureDefinition/notifiable-diseases-notified,StructureDefinition/follow-up-plan,StructureDefinition/referral-task,StructureDefinition/generic-task","hl7.fhir.r4.core"
http://hl7.org/fhir/ValueSet/request-status,4.0.1,draft,"2.16.840.1.113883.4.642.3.111",RequestStatus,RequestStatus,"Codes identifying the lifecycle stage of a request.","StructureDefinition/procedures-request,StructureDefinition/imaging-request,StructureDefinition/generic-service-request,StructureDefinition/investigations-request,StructureDefinition/general-referral-request,StructureDefinition/follow-up-at-hlc,StructureDefinition/follow-up-plan","hl7.fhir.r4.core"
http://hl7.org/fhir/ValueSet/resource-types,4.0.1,active,"2.16.840.1.113883.4.642.3.27",ResourceType,ResourceType,"One of the resource types defined as part of this version of FHIR.","StructureDefinition/allergy-intolerance,StructureDefinition/risk-behaviour-tobacco-smoker,StructureDefinition/hhims-composition,StructureDefinition/no-medical-history,StructureDefinition/no-allergy-intolerance,StructureDefinition/medication-request,StructureDefinition/bmi,StructureDefinition/random-blood-sugar,StructureDefinition/medical-history,StructureDefinition/risk-behaviour-physical-activity,StructureDefinition/fasting-blood-sugar,StructureDefinition/height,StructureDefinition/generic-observation,StructureDefinition/imaging-study,StructureDefinition/blood-pressure,StructureDefinition/no-medication-requested,StructureDefinition/weight,StructureDefinition/total-cholesterol,StructureDefinition/hims-composition","hl7.fhir.r4.core"
http://hl7.org/fhir/ValueSet/route-codes,4.0.1,draft,"2.16.840.1.113883.4.642.3.98",SNOMEDCTRouteCodes,SNOMED CT Route Codes,"This value set includes all Route codes from SNOMED CT - provided as an exemplar.","StructureDefinition/allergy-intolerance,StructureDefinition/no-allergy-intolerance","SCT"
http://hl7.org/fhir/ValueSet/search-entry-mode,4.0.1,active,"2.16.840.1.113883.4.642.3.622",SearchEntryMode,SearchEntryMode,"Why an entry is in the result set - whether it's included as a match or because of an _include requirement, or to convey information or warning information about the search process.","StructureDefinition/hims-transactional-bundle,StructureDefinition/hims-ips-bundle,StructureDefinition/hhims-transactional-bundle,StructureDefinition/hhims-ips-bundle","hl7.fhir.r4.core"
http://hl7.org/fhir/ValueSet/series-performer-function,4.0.1,draft,"2.16.840.1.113883.4.642.3.989",ImagingStudySeriesPerformerFunction,ImagingStudy series performer function,"Performer function of an agent in an imaging study series","StructureDefinition/imaging-study","THO (V3)"
http://hl7.org/fhir/ValueSet/service-type,4.0.1,draft,"2.16.840.1.113883.4.642.3.518",ServiceType,Service type,"This value set defines an example set of codes of service-types.","StructureDefinition/target-facility-encounter","THO"
http://hl7.org/fhir/ValueSet/servicerequest-category,4.0.1,draft,"2.16.840.1.113883.4.642.3.434",ServiceRequestCategoryCodes,Service Request Category Codes,"An example value set of SNOMED CT concepts that can classify a requested service","StructureDefinition/procedures-request,StructureDefinition/imaging-request,StructureDefinition/generic-service-request,StructureDefinition/investigations-request,StructureDefinition/general-referral-request,StructureDefinition/follow-up-plan","SCT"
http://hl7.org/fhir/ValueSet/servicerequest-orderdetail,4.0.1,draft,"2.16.840.1.113883.4.642.3.435",ServiceRequestOrderDetailsCodes,Service Request Order Details Codes,"An example value set of Codified order entry details concepts.  These concepts only make sense in the context of what is being ordered.  This example is for a patient ventilation order","StructureDefinition/procedures-request,StructureDefinition/imaging-request,StructureDefinition/generic-service-request,StructureDefinition/investigations-request,StructureDefinition/general-referral-request,StructureDefinition/follow-up-plan","SCT"
http://hl7.org/fhir/ValueSet/substance-code,4.0.1,draft,"2.16.840.1.113883.4.642.3.473",SubstanceCode,Substance Code,"This value set contains concept codes for specific substances. It includes codes from [SNOMED](http://snomed.info/sct) where concept is-a 105590001 (Substance (substance)) and where concept is-a 373873005 (Pharmaceutical / biologic product (product))","StructureDefinition/allergy-intolerance,StructureDefinition/no-allergy-intolerance","SCT"
http://hl7.org/fhir/ValueSet/task-code,4.0.1,active,"2.16.840.1.113883.4.642.3.1396",TaskCode,Task Codes,"Codes indicating the type of action that is expected to be performed","StructureDefinition/referral-task,StructureDefinition/generic-task","hl7.fhir.r4.core"
http://hl7.org/fhir/ValueSet/task-intent,4.0.1,draft,"2.16.840.1.113883.4.642.3.1240",TaskIntent,TaskIntent,"Distinguishes whether the task is a proposal, plan or full order.","StructureDefinition/referral-task,StructureDefinition/generic-task","hl7.fhir.r4.core"
http://hl7.org/fhir/ValueSet/task-status,4.0.1,draft,"2.16.840.1.113883.4.642.3.790",TaskStatus,TaskStatus,"The current status of the task.","StructureDefinition/referral-task,StructureDefinition/generic-task","hl7.fhir.r4.core"
http://hl7.org/fhir/ValueSet/timing-abbreviation,4.0.1,draft,"2.16.840.1.113883.4.642.3.78",TimingAbbreviation,TimingAbbreviation,"Code for a known / defined timing pattern.","StructureDefinition/medication-request,StructureDefinition/follow-up-plan","THO (V3)"
http://hl7.org/fhir/ValueSet/udi-entry-type,4.0.1,draft,"2.16.840.1.113883.4.642.3.211",UDIEntryType,UDIEntryType,"Codes to identify how UDI data was entered.","StructureDefinition/device-information","hl7.fhir.r4.core"
http://hl7.org/fhir/ValueSet/units-of-time,4.0.1,active,"2.16.840.1.113883.4.642.3.77",UnitsOfTime,UnitsOfTime,"A unit of time (units from UCUM).","StructureDefinition/medication-request,StructureDefinition/follow-up-plan","UCUM"
http://hl7.org/fhir/uv/ips/ValueSet/allergy-intolerance-uv-ips,1.1.0,active,,AllergyIntoleranceUvIps,Allergy Intolerance - IPS,"IPS Allergy intolerance codes value set. This value set includes codes from SNOMED Clinical Terms®: all descendants of 373873005 \|Pharmaceutical / biologic product (product)\|; all descendants of 105590001 \|Substance (substance)\|; all descendants of 418038007 \|Propensity to adverse reactions to substance (finding)\| plus codes for absent and unknown allergies.","StructureDefinition/allergy-intolerance,StructureDefinition/no-allergy-intolerance",
http://hl7.org/fhir/uv/ips/ValueSet/allergy-reaction-snomed-ct-ips-free-set,1.1.0,active,,AllergyReactionSnomedCtIpsFreeSet,Allergy Reaction - SNOMED CT IPS Free Set,"IPS allergy reaction value set. This value set includes the codes from the SNOMED International Patient Set (IPS) subset of SNOMED CT (IPS Free Set) that may be used to represent allergy or intolerance reactions.","StructureDefinition/allergy-intolerance,StructureDefinition/no-allergy-intolerance","SCT"
http://hl7.org/fhir/uv/ips/ValueSet/medication-snomed-absent-unknown-uv-ips,1.1.0,active,,MedicationSnomedCodesAbsentUnknown,Medications - SNOMED CT + Absent/Unknown (IPS),"This value set includes the codes from SNOMED CT that are included in: descendants of 373873005 \|Pharmaceutical / biologic product (product)\|, excluding the descendants of 787859002 \|Vaccine product (medicinal product)\|, plus IPS codes for absent/unknown medications.","StructureDefinition/medication-request,StructureDefinition/no-medication-requested",
http://hl7.org/fhir/uv/ips/ValueSet/medicine-route-of-administration,1.1.0,active,,MedicineRouteOfAdministrationUvIps,Medicine Route of Administration - IPS,"EDQM (European Directorate for the Quality of Medicines and Healthcare) Route of Administration codes.  This Value Set includes all the EDQM Standard Terms having:   [Concept Status] = ‘Current’ AND   [Concept Class] = 'ROA' AND   [Domain] = 'Human and Veterinary'    ROA = 'Route of administration'","StructureDefinition/medication-request,StructureDefinition/no-medication-requested","Other"
http://hl7.org/fhir/uv/ips/ValueSet/problem-type-uv-ips,1.1.0,active,,ProblemTypeUvIps,Problem Type - IPS,"This value set provides a category for the condition as a clinical problem for inclusion in the patient summary.","StructureDefinition/no-medical-history,StructureDefinition/medical-history","THO"
http://hl7.org/fhir/uv/ips/ValueSet/problems-snomed-absent-unknown-uv-ips,1.1.0,active,,ProblemsSnomedAbsentUnknownUvIps,Problems - SNOMED CT + Absent/Unknown - IPS,"This value set includes codes from SNOMED Clinical Terms®:  descendants of 404684003 \|Clinical finding (finding) \|, descendants of 243796009 \|Situation with explicit context (situation)\| and descendants of 272379006 \|Event (event)\| but excludes descendants of 71388002 \|Procedure (procedure)\|, as they are expected to be represented separately in the History of Procedures Section.","StructureDefinition/no-medical-history",
http://hl7.org/fhir/uv/ips/ValueSet/results-coded-values-laboratory-uv-ips,1.1.0,active,,ResultsCodedValuesLaboratoryUvIps,Results Coded Values Laboratory - IPS,"This value set is defined as the union of: (a) Blood group [Type]; (b) Presence/Absence Indicators (2.16.840.1.113883.11.22.52) (c) Microorganisms (2.16.840.1.113883.11.22.49)","StructureDefinition/fasting-blood-sugar,StructureDefinition/random-blood-sugar,StructureDefinition/total-cholesterol",
http://hl7.org/fhir/uv/ips/ValueSet/results-laboratory-observations-uv-ips,1.1.0,active,,ResultsLaboratoryObservationUvIps,Results Laboratory Observation - IPS,"Value Set Definition: LOINC {STATUS in {ACTIVE}, CLASSTYPE in {1}, CLASS exclude {CHALSKIN, H&P.HX.LAB, LABORDERS, NR STATS, PATH, PATH.\*, MOLPATH, MOLPATH.\*, CYTO, HL7.CYTOGEN, HL7.GENETICS}}","StructureDefinition/fasting-blood-sugar,StructureDefinition/random-blood-sugar,StructureDefinition/total-cholesterol","LOINC"
http://hl7.org/fhir/uv/ips/ValueSet/results-radiology-observations-uv-ips,1.1.0,active,,ResultsRadiologyObservationUvIps,Results Radiology Observation - IPS,"  Value Set Definition:   LOINC {CLASS in {RAD}}    ","StructureDefinition/imaging-study","LOINC"
http://terminology.hl7.org/ValueSet/v2-0092,2.0.0,active,"2.16.840.1.113883.21.40",Hl7VSReAdmissionIndicator,hl7VS-re-admissionIndicator,"Value Set of codes which are used to specify that a patient is being re-admitted to a healthcare facility from which they were discharged, and indicates the circumstances around such re-admission.","StructureDefinition/target-facility-encounter","THO (V2)"
http://terminology.hl7.org/ValueSet/v2-0116,2.0.0,active,"2.16.840.1.113883.21.51",Hl7VSBedStatus,hl7VS-bedStatus,"Value Set of codes that specify the state of a bed in an inpatient setting, and is used to determine if a patient may be assigned to it or not.","StructureDefinition/providers-location","THO (V2)"
http://terminology.hl7.org/ValueSet/v2-2.7-0360,0360,active,,v2.0360.2.7,v2 table 0360, Version 2.7,"FHIR Value set/code system definition for HL7 v2 table 0360 ver 2.9 ( Degree/License/Certificate)","StructureDefinition/practitioner","THO (V2)"
http://terminology.hl7.org/ValueSet/v3-ActCode,2.0.0,active,,ActCode,v3 Code System ActCode,"A code specifying the particular kind of Act that the Act-instance represents within its class.  Constraints:  The kind of Act (e.g. physical examination, serum potassium, inpatient encounter, charge financial transaction, etc.) is specified with a code from one of several, typically external, coding systems.  The coding system will depend on the class of Act, such as LOINC for observations, etc. Conceptually, the Act.code must be a specialization of the Act.classCode. This is why the structure of ActClass domain should be reflected in the superstructure of the ActCode domain and then individual codes or externally referenced vocabularies subordinated under these domains that reflect the ActClass structure. Act.classCode and Act.code are not modifiers of each other but the Act.code concept should really imply the Act.classCode concept. For a negative example, it is not appropriate to use an Act.code ""potassium"" together with and Act.classCode for ""laboratory observation"" to somehow mean ""potassium laboratory observation"" and then use the same Act.code for ""potassium"" together with Act.classCode for ""medication"" to mean ""substitution of potassium"". This mutually modifying use of Act.code and Act.classCode is not permitted.","StructureDefinition/hhims-composition,StructureDefinition/hims-composition","THO (V3)"
http://terminology.hl7.org/ValueSet/v3-ActEncounterCode,2.0.0,active,"2.16.840.1.113883.1.11.13955",ActEncounterCode,ActEncounterCode,"Domain provides codes that qualify the ActEncounterClass (ENC)","StructureDefinition/target-facility-encounter","THO (V3)"
http://terminology.hl7.org/ValueSet/v3-ActPharmacySupplyType,2.0.0,active,"2.16.840.1.113883.1.11.16208",ActPharmacySupplyType,ActPharmacySupplyType,"Identifies types of dispensing events","StructureDefinition/drug-dispensation","THO (V3)"
http://terminology.hl7.org/ValueSet/v3-ActPriority,2.0.0,active,"2.16.840.1.113883.1.11.16866",ActPriority,ActPriority,"A code or set of codes (e.g., for routine, emergency,) specifying the urgency under which the Act happened, can happen, is happening, is intended to happen, or is requested/demanded to happen.    *Discussion:* This attribute is used in orders to indicate the ordered priority, and in event documentation it indicates the actual priority used to perform the act. In definition mood it indicates the available priorities.","StructureDefinition/target-facility-encounter","THO (V3)"
http://terminology.hl7.org/ValueSet/v3-ActSubstanceAdminSubstitutionCode,2.0.0,active,"2.16.840.1.113883.1.11.16621",ActSubstanceAdminSubstitutionCode,ActSubstanceAdminSubstitutionCode,"***No description***","StructureDefinition/drug-dispensation,StructureDefinition/medication-request,StructureDefinition/no-medication-requested","THO (V3)"
http://terminology.hl7.org/ValueSet/v3-ConfidentialityClassification,2014-03-26,active,"2.16.840.1.113883.1.11.10228",v3.ConfidentialityClassification,V3 Value SetConfidentialityClassification," Set of codes used to value Act.Confidentiality and Role.Confidentiality attribute in accordance with the definition for concept domain ""Confidentiality"".","StructureDefinition/hhims-composition,StructureDefinition/hims-composition","THO (V3)"
http://terminology.hl7.org/ValueSet/v3-ParticipationMode,2.0.0,active,"2.16.840.1.113883.1.11.16543",ParticipationMode,ParticipationMode,"Identifies the primary means by which an Entity participates in an Act.","StructureDefinition/notifiable-diseases-notified","THO (V3)"
http://terminology.hl7.org/ValueSet/v3-ServiceDeliveryLocationRoleType,2.0.0,active,"2.16.840.1.113883.1.11.17660",ServiceDeliveryLocationRoleType,ServiceDeliveryLocationRoleType,"A role of a place that further classifies the setting (e.g., accident site, road side, work site, community location) in which services are delivered.","StructureDefinition/procedures-request,StructureDefinition/providers-location,StructureDefinition/imaging-request,StructureDefinition/generic-service-request,StructureDefinition/investigations-request,StructureDefinition/general-referral-request,StructureDefinition/follow-up-plan","THO (V3)"
http://terminology.hl7.org/ValueSet/v3-SubstanceAdminSubstitutionReason,2.0.0,active,"2.16.840.1.113883.1.11.19377",SubstanceAdminSubstitutionReason,SubstanceAdminSubstitutionReason,"***No description***","StructureDefinition/drug-dispensation,StructureDefinition/medication-request,StructureDefinition/no-medication-requested","THO (V3)"
